{
  "mappings": {
    "AutoplayAddon/Mixins/ClientCommandC2SPacketMixin": {
      "mode": "field_12978:Lnet/minecraft/class_2848$class_2849;",
      "mountJumpHeight": "field_12976:I"
    },
    "AutoplayAddon/Mixins/ClientConnectionMixin": {
      "channel": "field_11651:Lio/netty/channel/Channel;"
    },
    "AutoplayAddon/Mixins/CustomItemPlacementContextMixin": {
      "getPlayerLookDirection": "Lnet/minecraft/class_1750;method_7715()Lnet/minecraft/class_2350;"
    },
    "AutoplayAddon/Mixins/CustomItemUsageContextMixin": {
      "getHorizontalPlayerFacing": "Lnet/minecraft/class_1838;method_8042()Lnet/minecraft/class_2350;",
      "getSide": "Lnet/minecraft/class_1838;method_8038()Lnet/minecraft/class_2350;"
    },
    "AutoplayAddon/Mixins/HandledScreenAccessor": {
      "handler": "field_2797:Lnet/minecraft/class_1703;"
    },
    "AutoplayAddon/Mixins/PlayerMoveC2SPacketMixin": {
      "changeLook": "field_12888:Z",
      "changePosition": "field_12890:Z",
      "onGround": "field_29179:Z",
      "pitch": "field_12885:F",
      "x": "field_12889:D",
      "y": "field_12886:D",
      "yaw": "field_12887:F",
      "z": "field_12884:D"
    },
    "AutoplayAddon/Mixins/VillagerEntityAccessor": {
      "lastRestockTime": "field_18537:J"
    }
  },
  "data": {
    "named:intermediary": {
      "AutoplayAddon/Mixins/ClientCommandC2SPacketMixin": {
        "mode": "field_12978:Lnet/minecraft/class_2848$class_2849;",
        "mountJumpHeight": "field_12976:I"
      },
      "AutoplayAddon/Mixins/ClientConnectionMixin": {
        "channel": "field_11651:Lio/netty/channel/Channel;"
      },
      "AutoplayAddon/Mixins/CustomItemPlacementContextMixin": {
        "getPlayerLookDirection": "Lnet/minecraft/class_1750;method_7715()Lnet/minecraft/class_2350;"
      },
      "AutoplayAddon/Mixins/CustomItemUsageContextMixin": {
        "getHorizontalPlayerFacing": "Lnet/minecraft/class_1838;method_8042()Lnet/minecraft/class_2350;",
        "getSide": "Lnet/minecraft/class_1838;method_8038()Lnet/minecraft/class_2350;"
      },
      "AutoplayAddon/Mixins/HandledScreenAccessor": {
        "handler": "field_2797:Lnet/minecraft/class_1703;"
      },
      "AutoplayAddon/Mixins/PlayerMoveC2SPacketMixin": {
        "changeLook": "field_12888:Z",
        "changePosition": "field_12890:Z",
        "onGround": "field_29179:Z",
        "pitch": "field_12885:F",
        "x": "field_12889:D",
        "y": "field_12886:D",
        "yaw": "field_12887:F",
        "z": "field_12884:D"
      },
      "AutoplayAddon/Mixins/VillagerEntityAccessor": {
        "lastRestockTime": "field_18537:J"
      }
    }
  }
}