{
  "schemaVersion": 1,
  "id": "autoplay-addon",
  "version": "0.6indev",
  "name": "AutoplayAddon",
  "description": "AutoplayAddon",
  "authors": ["Tyler"],
  "contact": {
    "repo": ""
  },
  "environment": "client",
  "entrypoints": {
    "meteor": [
      "AutoplayAddon.AutoplayAddon"
    ]
  },
  "mixins": [
    "autoplayaddon.mixins.json"
  ],
  "custom": {
    "meteor-client:color": "229,255,0",
    "github:sha": "@gh_hash@"
  },
  "depends": {
    "java": ">=17",
    "minecraft": "*",
    "meteor-client": "*"
  }
}
